{
    "version": 2,
    "functions": {
        "api/index.php": { "runtime": "vercel-php@0.6.1" }
    },
    "routes": [
        { "src": "/img/(.*)", "dest": "/public/img/" },
        { "src": "/(.*)", "dest": "/api/index.php" }
    ],
    "public": true,
    "buildCommand": "vite build",
    "outputDirectory": "public",
    "env": {
        "APP_ENV": "production",
        "APP_DEBUG": "false",
        "APP_URL": "https://simitra.vercel.app/",
        "APP_KEY": "base64:emgHd+mI1evfLX48H/MZxpMtfUTzE4BA1nnIemFYFqg=",
        "APP_CONFIG_CACHE": "/tmp/config.php",
        "APP_EVENTS_CACHE": "/tmp/events.php",
        "APP_PACKAGES_CACHE": "/tmp/packages.php",
        "APP_ROUTES_CACHE": "/tmp/routes.php",
        "APP_SERVICES_CACHE": "/tmp/services.php",
        "VIEW_COMPILED_PATH": "/tmp",
        "CACHE_DRIVER": "array",
        "LOG_CHANNEL": "stderr",
        "SESSION_DRIVER": "cookie",
        "DB_CONNECTION": "mysql",
        "DB_HOST": "127.0.0.1",
        "DB_PORT": "3306",
        "DB_DATABASE": "simitra",
        "DB_USERNAME": "root"
    }
}